N,M,sec,task,time,trans_out,trans_in
64, 64, 1024, OEDPVar preparation, 906, 66.048828125, 0.00390625
64, 64, 1024, Yao's Circuit preparation, 146, 0.0, 0.0
64, 64, 1024, OT preparation, 472, 12.9345703125, 8.966796875
64, 64, 1024, OEDPVar protocol execution, 10, 0.0, 1.150390625
64, 64, 1024, reseting circuit wires, 2, 0.0, 0.0
64, 64, 1024, sending mask, 2, 23.0849609375, 0.0
64, 64, 1024, sending labels for selfs inputs, 3, 29.0478515625, 0.0
64, 64, 1024, sending labels for peers inputs, 141, 57.783203125, 64.072265625
64, 64, 1024, circuit garbling, 280, 327.3916015625, 0.0
64, 64, 1024, output labels received and interpreted, 5, 0.0, 0.744140625
64, 64, 1024, ID Retrieving, 4, 6.330078125, 0.0
64, 64, 1024, OEDPVar protocol execution, 125, 0.0, 1.2197265625
64, 64, 1024, reseting circuit wires, 3, 0.0, 0.0
64, 64, 1024, sending mask, 1, 23.072265625, 0.0
64, 64, 1024, sending labels for selfs inputs, 7, 29.0478515625, 0.0
64, 64, 1024, sending labels for peers inputs, 108, 57.783203125, 64.072265625
64, 64, 1024, circuit garbling, 211, 322.1826171875, 0.0
64, 64, 1024, output labels received and interpreted, 70, 0.0, 0.744140625
64, 64, 1024, ID Retrieving, 2, 6.3291015625, 0.0
64, 64, 1024, OEDPVar protocol execution, 102, 0.0, 1.2197265625
64, 64, 1024, reseting circuit wires, 3, 0.0, 0.0
64, 64, 1024, sending mask, 1, 23.072265625, 0.0
64, 64, 1024, sending labels for selfs inputs, 4, 29.0478515625, 0.0
64, 64, 1024, sending labels for peers inputs, 123, 57.783203125, 64.072265625
64, 64, 1024, circuit garbling, 98, 322.1826171875, 0.0
64, 64, 1024, output labels received and interpreted, 91, 0.0, 0.744140625
64, 64, 1024, ID Retrieving, 6, 6.3310546875, 0.0
64, 64, 1024, OEDPVar protocol execution, 131, 0.0, 1.2197265625
64, 64, 1024, reseting circuit wires, 13, 0.0, 0.0
64, 64, 1024, sending mask, 1, 23.072265625, 0.0
64, 64, 1024, sending labels for selfs inputs, 5, 29.0478515625, 0.0
64, 64, 1024, sending labels for peers inputs, 81, 57.783203125, 64.072265625
64, 64, 1024, circuit garbling, 77, 322.1826171875, 0.0
64, 64, 1024, output labels received and interpreted, 61, 0.0, 0.744140625
64, 64, 1024, ID Retrieving, 1, 6.3291015625, 0.0
64, 64, 1024, OEDPVar protocol execution, 103, 0.0, 1.2197265625
64, 64, 1024, reseting circuit wires, 15, 0.0, 0.0
64, 64, 1024, sending mask, 2, 23.072265625, 0.0
64, 64, 1024, sending labels for selfs inputs, 7, 29.0478515625, 0.0
64, 64, 1024, sending labels for peers inputs, 62, 57.783203125, 64.072265625
64, 64, 1024, circuit garbling, 77, 322.1826171875, 0.0
64, 64, 1024, output labels received and interpreted, 86, 0.0, 0.744140625
64, 64, 1024, ID Retrieving, 4, 6.3310546875, 0.0
64, 640, 1024, OEDPVar preparation, 5653, 644.861328125, 0.00390625
64, 640, 1024, Yao's Circuit preparation, 109, 0.0, 0.0
64, 640, 1024, OT preparation, 557, 12.935546875, 8.966796875
64, 640, 1024, OEDPVar protocol execution, 217, 0.0, 1.150390625
64, 640, 1024, reseting circuit wires, 2, 0.0, 0.0
64, 640, 1024, sending mask, 2, 23.0849609375, 0.0
64, 640, 1024, sending labels for selfs inputs, 7, 29.0478515625, 0.0
64, 640, 1024, sending labels for peers inputs, 73, 57.783203125, 64.072265625
64, 640, 1024, circuit garbling, 236, 327.3916015625, 0.0
64, 640, 1024, output labels received and interpreted, 86, 0.0, 0.744140625
64, 640, 1024, ID Retrieving, 3, 6.330078125, 0.0
64, 640, 1024, OEDPVar protocol execution, 209, 0.0, 1.7822265625
64, 640, 1024, reseting circuit wires, 1, 0.0, 0.0
64, 640, 1024, sending mask, 1, 23.072265625, 0.0
64, 640, 1024, sending labels for selfs inputs, 2, 29.0478515625, 0.0
64, 640, 1024, sending labels for peers inputs, 210, 57.783203125, 64.072265625
64, 640, 1024, circuit garbling, 123, 322.1826171875, 0.0
64, 640, 1024, output labels received and interpreted, 7, 0.0, 0.744140625
64, 640, 1024, ID Retrieving, 2, 6.3310546875, 0.0
64, 640, 1024, OEDPVar protocol execution, 166, 0.0, 1.7822265625
64, 640, 1024, reseting circuit wires, 9, 0.0, 0.0
64, 640, 1024, sending mask, 2, 23.072265625, 0.0
64, 640, 1024, sending labels for selfs inputs, 4, 29.0478515625, 0.0
64, 640, 1024, sending labels for peers inputs, 134, 57.783203125, 64.072265625
64, 640, 1024, circuit garbling, 129, 322.1826171875, 0.0
64, 640, 1024, output labels received and interpreted, 89, 0.0, 0.744140625
64, 640, 1024, ID Retrieving, 2, 6.330078125, 0.0
64, 640, 1024, OEDPVar protocol execution, 203, 0.0, 1.7822265625
64, 640, 1024, reseting circuit wires, 2, 0.0, 0.0
64, 640, 1024, sending mask, 1, 23.072265625, 0.0
64, 640, 1024, sending labels for selfs inputs, 4, 29.0478515625, 0.0
64, 640, 1024, sending labels for peers inputs, 103, 57.783203125, 64.072265625
64, 640, 1024, circuit garbling, 178, 322.1826171875, 0.0
64, 640, 1024, output labels received and interpreted, 43, 0.0, 0.7431640625
64, 640, 1024, ID Retrieving, 1, 6.330078125, 0.0
64, 640, 1024, OEDPVar protocol execution, 176, 0.0, 1.7822265625
64, 640, 1024, reseting circuit wires, 2, 0.0, 0.0
64, 640, 1024, sending mask, 2, 23.072265625, 0.0
64, 640, 1024, sending labels for selfs inputs, 2, 29.0478515625, 0.0
64, 640, 1024, sending labels for peers inputs, 131, 57.783203125, 64.072265625
64, 640, 1024, circuit garbling, 96, 322.1826171875, 0.0
64, 640, 1024, output labels received and interpreted, 90, 0.0, 0.744140625
64, 640, 1024, ID Retrieving, 1, 6.330078125, 0.0
128, 64, 1024, OEDPVar preparation, 1523, 131.3662109375, 0.00390625
128, 64, 1024, Yao's Circuit preparation, 305, 0.0, 0.0
128, 64, 1024, OT preparation, 378, 12.939453125, 8.9658203125
128, 64, 1024, OEDPVar protocol execution, 89, 0.0, 2.294921875
128, 64, 1024, reseting circuit wires, 5, 0.0, 0.0
128, 64, 1024, sending mask, 3, 46.0849609375, 0.0
128, 64, 1024, sending labels for selfs inputs, 11, 57.939453125, 0.0
128, 64, 1024, sending labels for peers inputs, 247, 115.5615234375, 121.572265625
128, 64, 1024, circuit garbling, 479, 656.1416015625, 0.0
128, 64, 1024, output labels received and interpreted, 16, 0.0, 0.7431640625
128, 64, 1024, ID Retrieving, 7, 12.705078125, 0.0
128, 64, 1024, OEDPVar protocol execution, 125, 0.0, 2.3642578125
128, 64, 1024, reseting circuit wires, 6, 0.0, 0.0
128, 64, 1024, sending mask, 2, 46.072265625, 0.0
128, 64, 1024, sending labels for selfs inputs, 9, 57.939453125, 0.0
128, 64, 1024, sending labels for peers inputs, 103, 115.5615234375, 121.572265625
128, 64, 1024, circuit garbling, 245, 645.6826171875, 0.0
128, 64, 1024, output labels received and interpreted, 84, 0.0, 0.744140625
128, 64, 1024, ID Retrieving, 4, 12.7041015625, 0.0
128, 64, 1024, OEDPVar protocol execution, 108, 0.0, 2.3642578125
128, 64, 1024, reseting circuit wires, 24, 0.0, 0.0
128, 64, 1024, sending mask, 3, 46.072265625, 0.0
128, 64, 1024, sending labels for selfs inputs, 9, 57.939453125, 0.0
128, 64, 1024, sending labels for peers inputs, 81, 115.5615234375, 121.572265625
128, 64, 1024, circuit garbling, 183, 645.6826171875, 0.0
128, 64, 1024, output labels received and interpreted, 84, 0.0, 0.744140625
128, 64, 1024, ID Retrieving, 4, 12.705078125, 0.0
128, 64, 1024, OEDPVar protocol execution, 173, 0.0, 2.3642578125
128, 64, 1024, reseting circuit wires, 29, 0.0, 0.0
128, 64, 1024, sending mask, 4, 46.072265625, 0.0
128, 64, 1024, sending labels for selfs inputs, 15, 57.939453125, 0.0
128, 64, 1024, sending labels for peers inputs, 109, 115.5615234375, 121.5712890625
128, 64, 1024, circuit garbling, 227, 645.6826171875, 0.0
128, 64, 1024, output labels received and interpreted, 59, 0.0, 0.744140625
128, 64, 1024, ID Retrieving, 1, 12.7021484375, 0.0
128, 64, 1024, OEDPVar protocol execution, 109, 0.0, 2.3642578125
128, 64, 1024, reseting circuit wires, 3, 0.0, 0.0
128, 64, 1024, sending mask, 1, 46.072265625, 0.0
128, 64, 1024, sending labels for selfs inputs, 5, 57.939453125, 0.0
128, 64, 1024, sending labels for peers inputs, 103, 115.5615234375, 121.572265625
128, 64, 1024, circuit garbling, 178, 645.6826171875, 0.0
128, 64, 1024, output labels received and interpreted, 88, 0.0, 0.744140625
128, 64, 1024, ID Retrieving, 5, 12.705078125, 0.0
128, 640, 1024, OEDPVar preparation, 12565, 1288.9912109375, 0.00390625
128, 640, 1024, Yao's Circuit preparation, 331, 0.0, 0.0
128, 640, 1024, OT preparation, 568, 12.939453125, 8.96484375
128, 640, 1024, OEDPVar protocol execution, 386, 0.0, 2.294921875
128, 640, 1024, reseting circuit wires, 3, 0.0, 0.0
128, 640, 1024, sending mask, 3, 46.0849609375, 0.0
128, 640, 1024, sending labels for selfs inputs, 10, 57.939453125, 0.0
128, 640, 1024, sending labels for peers inputs, 248, 115.5615234375, 121.5712890625
128, 640, 1024, circuit garbling, 595, 656.140625, 0.0
128, 640, 1024, output labels received and interpreted, 104, 0.0, 0.744140625
128, 640, 1024, ID Retrieving, 5, 12.7021484375, 0.0
128, 640, 1024, OEDPVar protocol execution, 362, 0.0, 2.92578125
128, 640, 1024, reseting circuit wires, 3, 0.0, 0.0
128, 640, 1024, sending mask, 1, 46.072265625, 0.0
128, 640, 1024, sending labels for selfs inputs, 5, 57.939453125, 0.0
128, 640, 1024, sending labels for peers inputs, 182, 115.5615234375, 121.572265625
128, 640, 1024, circuit garbling, 255, 645.6826171875, 0.0
128, 640, 1024, output labels received and interpreted, 26, 0.0, 0.744140625
128, 640, 1024, ID Retrieving, 4, 12.7021484375, 0.0
128, 640, 1024, OEDPVar protocol execution, 374, 0.0, 2.9267578125
128, 640, 1024, reseting circuit wires, 6, 0.0, 0.0
128, 640, 1024, sending mask, 2, 46.072265625, 0.0
128, 640, 1024, sending labels for selfs inputs, 9, 57.939453125, 0.0
128, 640, 1024, sending labels for peers inputs, 88, 115.5615234375, 121.572265625
128, 640, 1024, circuit garbling, 233, 645.6826171875, 0.0
128, 640, 1024, output labels received and interpreted, 84, 0.0, 0.744140625
128, 640, 1024, ID Retrieving, 10, 12.7001953125, 0.0
128, 640, 1024, OEDPVar protocol execution, 376, 0.0, 2.9267578125
128, 640, 1024, reseting circuit wires, 2, 0.0, 0.0
128, 640, 1024, sending mask, 2, 46.072265625, 0.0
128, 640, 1024, sending labels for selfs inputs, 3, 57.939453125, 0.0
128, 640, 1024, sending labels for peers inputs, 92, 115.5615234375, 121.572265625
128, 640, 1024, circuit garbling, 196, 645.6826171875, 0.0
128, 640, 1024, output labels received and interpreted, 102, 0.0, 0.744140625
128, 640, 1024, ID Retrieving, 2, 12.705078125, 0.0
128, 640, 1024, OEDPVar protocol execution, 317, 0.0, 2.9267578125
128, 640, 1024, reseting circuit wires, 3, 0.0, 0.0
128, 640, 1024, sending mask, 3, 46.072265625, 0.0
128, 640, 1024, sending labels for selfs inputs, 10, 57.939453125, 0.0
128, 640, 1024, sending labels for peers inputs, 106, 115.5615234375, 121.5712890625
128, 640, 1024, circuit garbling, 206, 645.6826171875, 0.0
128, 640, 1024, output labels received and interpreted, 81, 0.0, 0.744140625
128, 640, 1024, ID Retrieving, 2, 12.7060546875, 0.0
256, 64, 1024, OEDPVar preparation, 3129, 262.0009765625, 0.00390625
256, 64, 1024, Yao's Circuit preparation, 728, 0.0, 0.0
256, 64, 1024, OT preparation, 583, 12.939453125, 8.966796875
256, 64, 1024, OEDPVar protocol execution, 125, 0.0, 4.583984375
256, 64, 1024, reseting circuit wires, 12, 0.0, 0.0
256, 64, 1024, sending mask, 5, 92.0849609375, 0.0
256, 64, 1024, sending labels for selfs inputs, 50, 115.7197265625, 0.0
256, 64, 1024, sending labels for peers inputs, 464, 231.123046875, 236.5712890625
256, 64, 1024, circuit garbling, 1161, 1313.640625, 0.0
256, 64, 1024, output labels received and interpreted, 37, 0.0, 0.744140625
256, 64, 1024, ID Retrieving, 26, 25.4501953125, 0.0
256, 64, 1024, OEDPVar protocol execution, 183, 0.0, 4.65234375
256, 64, 1024, reseting circuit wires, 13, 0.0, 0.0
256, 64, 1024, sending mask, 4, 92.072265625, 0.0
256, 64, 1024, sending labels for selfs inputs, 17, 115.7197265625, 0.0
256, 64, 1024, sending labels for peers inputs, 237, 231.123046875, 236.572265625
256, 64, 1024, circuit garbling, 717, 1292.6826171875, 0.0
256, 64, 1024, output labels received and interpreted, 46, 0.0, 0.744140625
256, 64, 1024, ID Retrieving, 4, 25.4521484375, 0.0
256, 64, 1024, OEDPVar protocol execution, 188, 0.0, 4.6533203125
256, 64, 1024, reseting circuit wires, 9, 0.0, 0.0
256, 64, 1024, sending mask, 5, 92.072265625, 0.0
256, 64, 1024, sending labels for selfs inputs, 19, 115.7197265625, 0.0
256, 64, 1024, sending labels for peers inputs, 205, 231.123046875, 236.5712890625
256, 64, 1024, circuit garbling, 649, 1292.6826171875, 0.0
256, 64, 1024, output labels received and interpreted, 29, 0.0, 0.744140625
256, 64, 1024, ID Retrieving, 8, 25.4521484375, 0.0
256, 64, 1024, OEDPVar protocol execution, 235, 0.0, 4.6533203125
256, 64, 1024, reseting circuit wires, 7, 0.0, 0.0
256, 64, 1024, sending mask, 1, 92.072265625, 0.0
256, 64, 1024, sending labels for selfs inputs, 21, 115.7197265625, 0.0
256, 64, 1024, sending labels for peers inputs, 137, 231.123046875, 236.572265625
256, 64, 1024, circuit garbling, 653, 1292.6826171875, 0.0
256, 64, 1024, output labels received and interpreted, 65, 0.0, 0.744140625
256, 64, 1024, ID Retrieving, 5, 25.4501953125, 0.0
256, 64, 1024, OEDPVar protocol execution, 203, 0.0, 4.65234375
256, 64, 1024, reseting circuit wires, 13, 0.0, 0.0
256, 64, 1024, sending mask, 2, 92.072265625, 0.0
256, 64, 1024, sending labels for selfs inputs, 29, 115.7197265625, 0.0
256, 64, 1024, sending labels for peers inputs, 178, 231.123046875, 236.5712890625
256, 64, 1024, circuit garbling, 561, 1292.6826171875, 0.0
256, 64, 1024, output labels received and interpreted, 18, 0.0, 0.744140625
256, 64, 1024, ID Retrieving, 4, 25.453125, 0.0
256, 640, 1024, OEDPVar preparation, 24615, 2577.2509765625, 0.00390625
256, 640, 1024, Yao's Circuit preparation, 680, 0.0, 0.0
256, 640, 1024, OT preparation, 414, 12.9384765625, 8.9658203125
256, 640, 1024, OEDPVar protocol execution, 583, 0.0, 4.583984375
256, 640, 1024, reseting circuit wires, 6, 0.0, 0.0
256, 640, 1024, sending mask, 3, 92.0849609375, 0.0
256, 640, 1024, sending labels for selfs inputs, 39, 115.7197265625, 0.0
256, 640, 1024, sending labels for peers inputs, 378, 231.123046875, 236.5712890625
256, 640, 1024, circuit garbling, 845, 1313.6416015625, 0.0
256, 640, 1024, output labels received and interpreted, 1, 0.0, 0.744140625
256, 640, 1024, ID Retrieving, 8, 25.453125, 0.0
256, 640, 1024, OEDPVar protocol execution, 740, 0.0, 5.2158203125
256, 640, 1024, reseting circuit wires, 10, 0.0, 0.0
256, 640, 1024, sending mask, 4, 92.072265625, 0.0
256, 640, 1024, sending labels for selfs inputs, 45, 115.7197265625, 0.0
256, 640, 1024, sending labels for peers inputs, 139, 231.123046875, 236.572265625
256, 640, 1024, circuit garbling, 559, 1292.6826171875, 0.0
256, 640, 1024, output labels received and interpreted, 22, 0.0, 0.744140625
256, 640, 1024, ID Retrieving, 6, 25.455078125, 0.0
256, 640, 1024, OEDPVar protocol execution, 677, 0.0, 5.2158203125
256, 640, 1024, reseting circuit wires, 52, 0.0, 0.0
256, 640, 1024, sending mask, 7, 92.072265625, 0.0
256, 640, 1024, sending labels for selfs inputs, 24, 115.7197265625, 0.0
256, 640, 1024, sending labels for peers inputs, 156, 231.123046875, 236.5712890625
256, 640, 1024, circuit garbling, 440, 1292.6826171875, 0.0
256, 640, 1024, output labels received and interpreted, 41, 0.0, 0.744140625
256, 640, 1024, ID Retrieving, 4, 25.453125, 0.0
256, 640, 1024, OEDPVar protocol execution, 665, 0.0, 5.2158203125
256, 640, 1024, reseting circuit wires, 7, 0.0, 0.0
256, 640, 1024, sending mask, 1, 92.072265625, 0.0
256, 640, 1024, sending labels for selfs inputs, 22, 115.7197265625, 0.0
256, 640, 1024, sending labels for peers inputs, 246, 231.123046875, 236.572265625
256, 640, 1024, circuit garbling, 510, 1292.6826171875, 0.0
256, 640, 1024, output labels received and interpreted, 43, 0.0, 0.744140625
256, 640, 1024, ID Retrieving, 3, 25.4521484375, 0.0
256, 640, 1024, OEDPVar protocol execution, 591, 0.0, 5.2158203125
256, 640, 1024, reseting circuit wires, 8, 0.0, 0.0
256, 640, 1024, sending mask, 2, 92.072265625, 0.0
256, 640, 1024, sending labels for selfs inputs, 19, 115.7197265625, 0.0
256, 640, 1024, sending labels for peers inputs, 221, 231.123046875, 236.572265625
256, 640, 1024, circuit garbling, 484, 1292.6826171875, 0.0
256, 640, 1024, output labels received and interpreted, 3, 0.0, 0.744140625
256, 640, 1024, ID Retrieving, 5, 25.4521484375, 0.0
512, 64, 1024, OEDPVar preparation, 5457, 523.2705078125, 0.00390625
512, 64, 1024, Yao's Circuit preparation, 1272, 0.0, 0.0
512, 64, 1024, OT preparation, 335, 12.9423828125, 8.966796875
512, 64, 1024, OEDPVar protocol execution, 227, 0.0, 9.162109375
512, 64, 1024, reseting circuit wires, 14, 0.0, 0.0
512, 64, 1024, sending mask, 7, 184.0849609375, 0.0
512, 64, 1024, sending labels for selfs inputs, 46, 231.28125, 0.0
512, 64, 1024, sending labels for peers inputs, 433, 462.24609375, 466.572265625
512, 64, 1024, circuit garbling, 1604, 2628.6328125, 0.0
512, 64, 1024, output labels received and interpreted, 52, 0.0, 0.744140625
512, 64, 1024, ID Retrieving, 12, 50.9501953125, 0.0
512, 64, 1024, OEDPVar protocol execution, 258, 0.0, 9.23046875
512, 64, 1024, reseting circuit wires, 16, 0.0, 0.0
512, 64, 1024, sending mask, 4, 184.072265625, 0.0
512, 64, 1024, sending labels for selfs inputs, 39, 231.28125, 0.0
512, 64, 1024, sending labels for peers inputs, 316, 462.24609375, 466.5712890625
512, 64, 1024, circuit garbling, 983, 2586.6826171875, 0.0
512, 64, 1024, output labels received and interpreted, 68, 0.0, 0.744140625
512, 64, 1024, ID Retrieving, 8, 50.943359375, 0.0
512, 64, 1024, OEDPVar protocol execution, 292, 0.0, 9.23046875
512, 64, 1024, reseting circuit wires, 11, 0.0, 0.0
512, 64, 1024, sending mask, 3, 184.072265625, 0.0
512, 64, 1024, sending labels for selfs inputs, 26, 231.28125, 0.0
512, 64, 1024, sending labels for peers inputs, 304, 462.24609375, 466.572265625
512, 64, 1024, circuit garbling, 1065, 2586.6826171875, 0.0
512, 64, 1024, output labels received and interpreted, 53, 0.0, 0.744140625
512, 64, 1024, ID Retrieving, 6, 50.9521484375, 0.0
512, 64, 1024, OEDPVar protocol execution, 235, 0.0, 9.2314453125
512, 64, 1024, reseting circuit wires, 9, 0.0, 0.0
512, 64, 1024, sending mask, 2, 184.072265625, 0.0
512, 64, 1024, sending labels for selfs inputs, 14, 231.28125, 0.0
512, 64, 1024, sending labels for peers inputs, 300, 462.24609375, 466.572265625
512, 64, 1024, circuit garbling, 1347, 2586.6826171875, 0.0
512, 64, 1024, output labels received and interpreted, 47, 0.0, 0.744140625
512, 64, 1024, ID Retrieving, 7, 50.9521484375, 0.0
512, 64, 1024, OEDPVar protocol execution, 286, 0.0, 9.23046875
512, 64, 1024, reseting circuit wires, 18, 0.0, 0.0
512, 64, 1024, sending mask, 1, 184.072265625, 0.0
512, 64, 1024, sending labels for selfs inputs, 16, 231.28125, 0.0
512, 64, 1024, sending labels for peers inputs, 503, 462.24609375, 466.572265625
512, 64, 1024, circuit garbling, 1624, 2586.6826171875, 0.0
512, 64, 1024, output labels received and interpreted, 132, 0.0, 0.744140625
512, 64, 1024, ID Retrieving, 7, 50.9501953125, 0.0
512, 640, 1024, OEDPVar preparation, 48668, 5153.7705078125, 0.00390625
512, 640, 1024, Yao's Circuit preparation, 1181, 0.0, 0.0
512, 640, 1024, OT preparation, 551, 12.94140625, 8.966796875
512, 640, 1024, OEDPVar protocol execution, 983, 0.0, 9.162109375
512, 640, 1024, reseting circuit wires, 22, 0.0, 0.0
512, 640, 1024, sending mask, 9, 184.0849609375, 0.0
512, 640, 1024, sending labels for selfs inputs, 47, 231.28125, 0.0
512, 640, 1024, sending labels for peers inputs, 362, 462.24609375, 466.5703125
512, 640, 1024, circuit garbling, 1446, 2628.638671875, 0.0
512, 640, 1024, output labels received and interpreted, 54, 0.0, 0.744140625
512, 640, 1024, ID Retrieving, 11, 50.9462890625, 0.0
512, 640, 1024, OEDPVar protocol execution, 1067, 0.0, 9.7939453125
512, 640, 1024, reseting circuit wires, 10, 0.0, 0.0
512, 640, 1024, sending mask, 2, 184.072265625, 0.0
512, 640, 1024, sending labels for selfs inputs, 80, 231.28125, 0.0
512, 640, 1024, sending labels for peers inputs, 291, 462.24609375, 466.5703125
512, 640, 1024, circuit garbling, 979, 2586.6826171875, 0.0
512, 640, 1024, output labels received and interpreted, 82, 0.0, 0.744140625
512, 640, 1024, ID Retrieving, 9, 50.94921875, 0.0
512, 640, 1024, OEDPVar protocol execution, 1076, 0.0, 9.7939453125
512, 640, 1024, reseting circuit wires, 9, 0.0, 0.0
512, 640, 1024, sending mask, 2, 184.072265625, 0.0
512, 640, 1024, sending labels for selfs inputs, 28, 231.28125, 0.0
512, 640, 1024, sending labels for peers inputs, 293, 462.24609375, 466.5712890625
512, 640, 1024, circuit garbling, 1281, 2586.6826171875, 0.0
512, 640, 1024, output labels received and interpreted, 27, 0.0, 0.744140625
512, 640, 1024, ID Retrieving, 10, 50.94921875, 0.0
512, 640, 1024, OEDPVar protocol execution, 995, 0.0, 9.7939453125
512, 640, 1024, reseting circuit wires, 9, 0.0, 0.0
512, 640, 1024, sending mask, 3, 184.072265625, 0.0
512, 640, 1024, sending labels for selfs inputs, 13, 231.28125, 0.0
512, 640, 1024, sending labels for peers inputs, 321, 462.24609375, 466.5712890625
512, 640, 1024, circuit garbling, 965, 2586.6826171875, 0.0
512, 640, 1024, output labels received and interpreted, 56, 0.0, 0.744140625
512, 640, 1024, ID Retrieving, 8, 50.9453125, 0.0
512, 640, 1024, OEDPVar protocol execution, 1057, 0.0, 9.79296875
512, 640, 1024, reseting circuit wires, 15, 0.0, 0.0
512, 640, 1024, sending mask, 1, 184.072265625, 0.0
512, 640, 1024, sending labels for selfs inputs, 21, 231.28125, 0.0
512, 640, 1024, sending labels for peers inputs, 230, 462.24609375, 466.5712890625
512, 640, 1024, circuit garbling, 874, 2586.6826171875, 0.0
512, 640, 1024, output labels received and interpreted, 46, 0.0, 0.744140625
512, 640, 1024, ID Retrieving, 6, 50.9423828125, 0.0
1024, 64, 1024, OEDPVar preparation, 9479, 1045.8095703125, 0.00390625
1024, 64, 1024, Yao's Circuit preparation, 2079, 0.0, 0.0
1024, 64, 1024, OT preparation, 497, 12.9423828125, 8.966796875
1024, 64, 1024, OEDPVar protocol execution, 415, 0.0, 18.3173828125
1024, 64, 1024, reseting circuit wires, 26, 0.0, 0.0
1024, 64, 1024, sending mask, 10, 368.0849609375, 0.0
1024, 64, 1024, sending labels for selfs inputs, 47, 462.404296875, 0.0
1024, 64, 1024, sending labels for peers inputs, 867, 924.4921875, 926.5693359375
1024, 64, 1024, circuit garbling, 2452, 5258.6337890625, 0.0
1024, 64, 1024, output labels received and interpreted, 41, 0.0, 0.744140625
1024, 64, 1024, ID Retrieving, 13, 101.9404296875, 0.0
1024, 64, 1024, OEDPVar protocol execution, 447, 0.0, 18.38671875
1024, 64, 1024, reseting circuit wires, 22, 0.0, 0.0
1024, 64, 1024, sending mask, 3, 368.072265625, 0.0
1024, 64, 1024, sending labels for selfs inputs, 94, 462.404296875, 0.0
1024, 64, 1024, sending labels for peers inputs, 781, 924.4921875, 926.5703125
1024, 64, 1024, circuit garbling, 2197, 5174.6826171875, 0.0
1024, 64, 1024, output labels received and interpreted, 31, 0.0, 0.744140625
1024, 64, 1024, ID Retrieving, 14, 101.9462890625, 0.0
1024, 64, 1024, OEDPVar protocol execution, 520, 0.0, 18.3876953125
1024, 64, 1024, reseting circuit wires, 22, 0.0, 0.0
1024, 64, 1024, sending mask, 3, 368.072265625, 0.0
1024, 64, 1024, sending labels for selfs inputs, 49, 462.404296875, 0.0
1024, 64, 1024, sending labels for peers inputs, 954, 924.4921875, 926.568359375
1024, 64, 1024, circuit garbling, 2625, 5174.6826171875, 0.0
1024, 64, 1024, output labels received and interpreted, 60, 0.0, 0.744140625
1024, 64, 1024, ID Retrieving, 16, 101.9375, 0.0
1024, 64, 1024, OEDPVar protocol execution, 415, 0.0, 18.3857421875
1024, 64, 1024, reseting circuit wires, 19, 0.0, 0.0
1024, 64, 1024, sending mask, 2, 368.072265625, 0.0
1024, 64, 1024, sending labels for selfs inputs, 35, 462.404296875, 0.0
1024, 64, 1024, sending labels for peers inputs, 518, 924.4921875, 926.5703125
1024, 64, 1024, circuit garbling, 2084, 5174.6826171875, 0.0
1024, 64, 1024, output labels received and interpreted, 111, 0.0, 0.7431640625
1024, 64, 1024, ID Retrieving, 25, 101.947265625, 0.0
1024, 64, 1024, OEDPVar protocol execution, 380, 0.0, 18.3876953125
1024, 64, 1024, reseting circuit wires, 31, 0.0, 0.0
1024, 64, 1024, sending mask, 3, 368.072265625, 0.0
1024, 64, 1024, sending labels for selfs inputs, 56, 462.404296875, 0.0
1024, 64, 1024, sending labels for peers inputs, 672, 924.4921875, 926.5703125
1024, 64, 1024, circuit garbling, 1861, 5174.6826171875, 0.0
1024, 64, 1024, output labels received and interpreted, 84, 0.0, 0.744140625
1024, 64, 1024, ID Retrieving, 17, 101.9375, 0.0
1024, 640, 1024, OEDPVar preparation, 91571, 10306.8095703125, 0.00390625
1024, 640, 1024, Yao's Circuit preparation, 2001, 0.0, 0.0
1024, 640, 1024, OT preparation, 554, 12.94140625, 8.966796875
1024, 640, 1024, OEDPVar protocol execution, 2136, 0.0, 18.318359375
1024, 640, 1024, reseting circuit wires, 25, 0.0, 0.0
1024, 640, 1024, sending mask, 9, 368.0849609375, 0.0
1024, 640, 1024, sending labels for selfs inputs, 54, 462.404296875, 0.0
1024, 640, 1024, sending labels for peers inputs, 710, 924.4921875, 926.572265625
1024, 640, 1024, circuit garbling, 2541, 5258.6328125, 0.0
1024, 640, 1024, output labels received and interpreted, 18, 0.0, 0.744140625
1024, 640, 1024, ID Retrieving, 16, 101.9443359375, 0.0
1024, 640, 1024, OEDPVar protocol execution, 2058, 0.0, 18.9501953125
1024, 640, 1024, reseting circuit wires, 30, 0.0, 0.0
1024, 640, 1024, sending mask, 3, 368.072265625, 0.0
1024, 640, 1024, sending labels for selfs inputs, 43, 462.404296875, 0.0
1024, 640, 1024, sending labels for peers inputs, 691, 924.4921875, 926.572265625
1024, 640, 1024, circuit garbling, 1937, 5174.6826171875, 0.0
1024, 640, 1024, output labels received and interpreted, 202, 0.0, 0.744140625
1024, 640, 1024, ID Retrieving, 19, 101.943359375, 0.0
1024, 640, 1024, OEDPVar protocol execution, 2020, 0.0, 18.94921875
1024, 640, 1024, reseting circuit wires, 31, 0.0, 0.0
1024, 640, 1024, sending mask, 2, 368.072265625, 0.0
1024, 640, 1024, sending labels for selfs inputs, 28, 462.404296875, 0.0
1024, 640, 1024, sending labels for peers inputs, 683, 924.4921875, 926.5712890625
1024, 640, 1024, circuit garbling, 1955, 5174.6826171875, 0.0
1024, 640, 1024, output labels received and interpreted, 58, 0.0, 0.744140625
1024, 640, 1024, ID Retrieving, 30, 101.9345703125, 0.0
1024, 640, 1024, OEDPVar protocol execution, 2012, 0.0, 18.94921875
1024, 640, 1024, reseting circuit wires, 133, 0.0, 0.0
1024, 640, 1024, sending mask, 3, 368.072265625, 0.0
1024, 640, 1024, sending labels for selfs inputs, 42, 462.404296875, 0.0
1024, 640, 1024, sending labels for peers inputs, 839, 924.4921875, 926.572265625
1024, 640, 1024, circuit garbling, 1897, 5174.6826171875, 0.0
1024, 640, 1024, output labels received and interpreted, 14, 0.0, 0.744140625
1024, 640, 1024, ID Retrieving, 14, 101.9375, 0.0
1024, 640, 1024, OEDPVar protocol execution, 2319, 0.0, 18.9501953125
1024, 640, 1024, reseting circuit wires, 45, 0.0, 0.0
1024, 640, 1024, sending mask, 2, 368.072265625, 0.0
1024, 640, 1024, sending labels for selfs inputs, 56, 462.404296875, 0.0
1024, 640, 1024, sending labels for peers inputs, 576, 924.4921875, 926.572265625
1024, 640, 1024, circuit garbling, 2023, 5174.6826171875, 0.0
1024, 640, 1024, output labels received and interpreted, 295, 0.0, 0.744140625
1024, 640, 1024, ID Retrieving, 22, 101.9443359375, 0.0
2048, 64, 1024, OEDPVar preparation, 20164, 2090.8876953125, 0.00390625
2048, 64, 1024, Yao's Circuit preparation, 3494, 0.0, 0.0
2048, 64, 1024, OT preparation, 605, 12.939453125, 8.966796875
2048, 64, 1024, OEDPVar protocol execution, 1010, 0.0, 36.630859375
2048, 64, 1024, reseting circuit wires, 59, 0.0, 0.0
2048, 64, 1024, sending mask, 29, 736.0849609375, 0.0
2048, 64, 1024, sending labels for selfs inputs, 270, 924.650390625, 0.0
2048, 64, 1024, sending labels for peers inputs, 2315, 1848.984375, 1846.572265625
2048, 64, 1024, circuit garbling, 6877, 10518.6376953125, 0.0
2048, 64, 1024, output labels received and interpreted, 2, 0.0, 0.744140625
2048, 64, 1024, ID Retrieving, 65, 203.935546875, 0.0
2048, 64, 1024, OEDPVar protocol execution, 860, 0.0, 36.69921875
2048, 64, 1024, reseting circuit wires, 39, 0.0, 0.0
2048, 64, 1024, sending mask, 5, 736.072265625, 0.0
2048, 64, 1024, sending labels for selfs inputs, 101, 924.650390625, 0.0
2048, 64, 1024, sending labels for peers inputs, 1901, 1848.984375, 1846.572265625
2048, 64, 1024, circuit garbling, 6978, 10350.6826171875, 0.0
2048, 64, 1024, output labels received and interpreted, 59, 0.0, 0.744140625
2048, 64, 1024, ID Retrieving, 52, 203.9296875, 0.0
2048, 64, 1024, OEDPVar protocol execution, 867, 0.0, 36.69921875
2048, 64, 1024, reseting circuit wires, 39, 0.0, 0.0
2048, 64, 1024, sending mask, 7, 736.072265625, 0.0
2048, 64, 1024, sending labels for selfs inputs, 78, 924.650390625, 0.0
2048, 64, 1024, sending labels for peers inputs, 1552, 1848.984375, 1846.5703125
2048, 64, 1024, circuit garbling, 6160, 10350.6826171875, 0.0
2048, 64, 1024, output labels received and interpreted, 928, 0.0, 0.7431640625
2048, 64, 1024, ID Retrieving, 78, 203.9228515625, 0.0
2048, 64, 1024, OEDPVar protocol execution, 942, 0.0, 36.7001953125
2048, 64, 1024, reseting circuit wires, 50, 0.0, 0.0
2048, 64, 1024, sending mask, 5, 736.072265625, 0.0
2048, 64, 1024, sending labels for selfs inputs, 249, 924.650390625, 0.0
2048, 64, 1024, sending labels for peers inputs, 2218, 1848.984375, 1846.572265625
2048, 64, 1024, circuit garbling, 6508, 10350.6826171875, 0.0
2048, 64, 1024, output labels received and interpreted, 46, 0.0, 0.744140625
2048, 64, 1024, ID Retrieving, 44, 203.9248046875, 0.0
2048, 64, 1024, OEDPVar protocol execution, 1671, 0.0, 36.7001953125
2048, 64, 1024, reseting circuit wires, 112, 0.0, 0.0
2048, 64, 1024, sending mask, 5, 736.072265625, 0.0
2048, 64, 1024, sending labels for selfs inputs, 89, 924.650390625, 0.0
2048, 64, 1024, sending labels for peers inputs, 1240, 1848.984375, 1846.572265625
2048, 64, 1024, circuit garbling, 4668, 10350.6826171875, 0.0
2048, 64, 1024, output labels received and interpreted, 78, 0.0, 0.744140625
2048, 64, 1024, ID Retrieving, 33, 203.92578125, 0.0
2048, 640, 1024, OEDPVar preparation, 191407, 20612.8876953125, 0.00390625
2048, 640, 1024, Yao's Circuit preparation, 4088, 0.0, 0.0
2048, 640, 1024, OT preparation, 893, 12.9404296875, 8.9658203125
2048, 640, 1024, OEDPVar protocol execution, 5070, 0.0, 36.630859375
2048, 640, 1024, reseting circuit wires, 118, 0.0, 0.0
2048, 640, 1024, sending mask, 23, 736.0849609375, 0.0
2048, 640, 1024, sending labels for selfs inputs, 168, 924.650390625, 0.0
2048, 640, 1024, sending labels for peers inputs, 2645, 1848.984375, 1846.5712890625
2048, 640, 1024, circuit garbling, 8153, 10518.6279296875, 0.0
2048, 640, 1024, output labels received and interpreted, 41, 0.0, 0.744140625
2048, 640, 1024, ID Retrieving, 43, 203.935546875, 0.0
2048, 640, 1024, OEDPVar protocol execution, 4451, 0.0, 37.2626953125
2048, 640, 1024, reseting circuit wires, 41, 0.0, 0.0
2048, 640, 1024, sending mask, 5, 736.072265625, 0.0
2048, 640, 1024, sending labels for selfs inputs, 162, 924.650390625, 0.0
2048, 640, 1024, sending labels for peers inputs, 1618, 1848.984375, 1846.572265625
2048, 640, 1024, circuit garbling, 5923, 10350.6826171875, 0.0
2048, 640, 1024, output labels received and interpreted, 375, 0.0, 0.744140625
2048, 640, 1024, ID Retrieving, 50, 203.9169921875, 0.0
2048, 640, 1024, OEDPVar protocol execution, 4526, 0.0, 37.2626953125
2048, 640, 1024, reseting circuit wires, 33, 0.0, 0.0
2048, 640, 1024, sending mask, 3, 736.072265625, 0.0
2048, 640, 1024, sending labels for selfs inputs, 70, 924.650390625, 0.0
2048, 640, 1024, sending labels for peers inputs, 1616, 1848.984375, 1846.572265625
2048, 640, 1024, circuit garbling, 6774, 10350.6826171875, 0.0
2048, 640, 1024, output labels received and interpreted, 25, 0.0, 0.744140625
2048, 640, 1024, ID Retrieving, 30, 203.92578125, 0.0
2048, 640, 1024, OEDPVar protocol execution, 4795, 0.0, 37.26171875
2048, 640, 1024, reseting circuit wires, 94, 0.0, 0.0
2048, 640, 1024, sending mask, 6, 736.072265625, 0.0
2048, 640, 1024, sending labels for selfs inputs, 83, 924.650390625, 0.0
2048, 640, 1024, sending labels for peers inputs, 1498, 1848.984375, 1846.572265625
2048, 640, 1024, circuit garbling, 5491, 10350.6826171875, 0.0
2048, 640, 1024, output labels received and interpreted, 6, 0.0, 0.744140625
2048, 640, 1024, ID Retrieving, 30, 203.921875, 0.0
2048, 640, 1024, OEDPVar protocol execution, 4710, 0.0, 37.26171875
2048, 640, 1024, reseting circuit wires, 135, 0.0, 0.0
2048, 640, 1024, sending mask, 5, 736.072265625, 0.0
2048, 640, 1024, sending labels for selfs inputs, 130, 924.650390625, 0.0
2048, 640, 1024, sending labels for peers inputs, 1204, 1848.984375, 1846.572265625
2048, 640, 1024, circuit garbling, 5340, 10350.6826171875, 0.0
2048, 640, 1024, output labels received and interpreted, 109, 0.0, 0.744140625
2048, 640, 1024, ID Retrieving, 35, 203.91796875, 0.0
4096, 64, 1024, OEDPVar preparation, 39132, 4181.0439453125, 0.00390625
4096, 64, 1024, Yao's Circuit preparation, 7757, 0.0, 0.0
4096, 64, 1024, OT preparation, 488, 12.9384765625, 8.966796875
4096, 64, 1024, OEDPVar protocol execution, 1781, 0.0, 73.25
4096, 64, 1024, reseting circuit wires, 127, 0.0, 0.0
4096, 64, 1024, sending mask, 35, 1472.0849609375, 0.0
4096, 64, 1024, sending labels for selfs inputs, 334, 1849.142578125, 0.0
4096, 64, 1024, sending labels for peers inputs, 5008, 3697.96875, 3686.572265625
4096, 64, 1024, circuit garbling, 15840, 21038.609375, 0.0
4096, 64, 1024, output labels received and interpreted, 261, 0.0, 0.744140625
4096, 64, 1024, ID Retrieving, 161, 407.892578125, 0.0
4096, 64, 1024, OEDPVar protocol execution, 2261, 0.0, 73.3173828125
4096, 64, 1024, reseting circuit wires, 251, 0.0, 0.0
4096, 64, 1024, sending mask, 26, 1472.072265625, 0.0
4096, 64, 1024, sending labels for selfs inputs, 455, 1849.142578125, 0.0
4096, 64, 1024, sending labels for peers inputs, 4672, 3697.96875, 3686.572265625
4096, 64, 1024, circuit garbling, 12550, 20702.6826171875, 0.0
4096, 64, 1024, output labels received and interpreted, 77, 0.0, 0.7431640625
4096, 64, 1024, ID Retrieving, 91, 407.8974609375, 0.0
4096, 64, 1024, OEDPVar protocol execution, 1931, 0.0, 73.32421875
4096, 64, 1024, reseting circuit wires, 93, 0.0, 0.0
4096, 64, 1024, sending mask, 117, 1472.072265625, 0.0
4096, 64, 1024, sending labels for selfs inputs, 533, 1849.142578125, 0.0
4096, 64, 1024, sending labels for peers inputs, 6346, 3697.96875, 3686.572265625
4096, 64, 1024, circuit garbling, 11927, 20702.6826171875, 0.0
4096, 64, 1024, output labels received and interpreted, 11, 0.0, 0.7431640625
4096, 64, 1024, ID Retrieving, 54, 407.8984375, 0.0
4096, 64, 1024, OEDPVar protocol execution, 1625, 0.0, 73.3212890625
4096, 64, 1024, reseting circuit wires, 75, 0.0, 0.0
4096, 64, 1024, sending mask, 169, 1472.072265625, 0.0
4096, 64, 1024, sending labels for selfs inputs, 362, 1849.142578125, 0.0
4096, 64, 1024, sending labels for peers inputs, 4911, 3697.96875, 3686.572265625
4096, 64, 1024, circuit garbling, 11296, 20702.6826171875, 0.0
4096, 64, 1024, output labels received and interpreted, 83, 0.0, 0.744140625
4096, 64, 1024, ID Retrieving, 62, 407.8955078125, 0.0
4096, 64, 1024, OEDPVar protocol execution, 1594, 0.0, 73.3212890625
4096, 64, 1024, reseting circuit wires, 77, 0.0, 0.0
4096, 64, 1024, sending mask, 8, 1472.072265625, 0.0
4096, 64, 1024, sending labels for selfs inputs, 298, 1849.142578125, 0.0
4096, 64, 1024, sending labels for peers inputs, 4664, 3697.96875, 3686.572265625
4096, 64, 1024, circuit garbling, 12898, 20702.6826171875, 0.0
4096, 64, 1024, output labels received and interpreted, 34, 0.0, 0.744140625
4096, 64, 1024, ID Retrieving, 93, 407.892578125, 0.0
4096, 640, 1024, OEDPVar preparation, 381151, 41225.0439453125, 0.00390625
4096, 640, 1024, Yao's Circuit preparation, 7881, 0.0, 0.0
4096, 640, 1024, OT preparation, 369, 12.943359375, 8.9658203125
4096, 640, 1024, OEDPVar protocol execution, 9398, 0.0, 73.25390625
4096, 640, 1024, reseting circuit wires, 269, 0.0, 0.0
4096, 640, 1024, sending mask, 48, 1472.0849609375, 0.0
4096, 640, 1024, sending labels for selfs inputs, 503, 1849.142578125, 0.0
4096, 640, 1024, sending labels for peers inputs, 6336, 3697.96875, 3686.5703125
4096, 640, 1024, circuit garbling, 14326, 21038.6103515625, 0.0
4096, 640, 1024, output labels received and interpreted, 14, 0.0, 0.744140625
4096, 640, 1024, ID Retrieving, 111, 407.9013671875, 0.0
4096, 640, 1024, OEDPVar protocol execution, 10134, 0.0, 73.8876953125
4096, 640, 1024, reseting circuit wires, 70, 0.0, 0.0
4096, 640, 1024, sending mask, 10, 1472.072265625, 0.0
4096, 640, 1024, sending labels for selfs inputs, 274, 1849.142578125, 0.0
4096, 640, 1024, sending labels for peers inputs, 5943, 3697.96875, 3686.568359375
4096, 640, 1024, circuit garbling, 16572, 20702.6826171875, 0.0
4096, 640, 1024, output labels received and interpreted, 6, 0.0, 0.744140625
4096, 640, 1024, ID Retrieving, 101, 407.9033203125, 0.0
4096, 640, 1024, OEDPVar protocol execution, 12178, 0.0, 73.8828125
4096, 640, 1024, reseting circuit wires, 295, 0.0, 0.0
4096, 640, 1024, sending mask, 71, 1472.072265625, 0.0
4096, 640, 1024, sending labels for selfs inputs, 712, 1849.142578125, 0.0
4096, 640, 1024, sending labels for peers inputs, 8667, 3697.96875, 3686.5703125
4096, 640, 1024, circuit garbling, 18537, 20702.6826171875, 0.0
4096, 640, 1024, output labels received and interpreted, 133, 0.0, 0.744140625
4096, 640, 1024, ID Retrieving, 88, 407.8974609375, 0.0
4096, 640, 1024, OEDPVar protocol execution, 12075, 0.0, 73.8837890625
4096, 640, 1024, reseting circuit wires, 140, 0.0, 0.0
4096, 640, 1024, sending mask, 13, 1472.072265625, 0.0
4096, 640, 1024, sending labels for selfs inputs, 279, 1849.142578125, 0.0
4096, 640, 1024, sending labels for peers inputs, 4871, 3697.96875, 3686.5703125
4096, 640, 1024, circuit garbling, 13639, 20702.6826171875, 0.0
4096, 640, 1024, output labels received and interpreted, 178, 0.0, 0.744140625
4096, 640, 1024, ID Retrieving, 151, 407.8818359375, 0.0
4096, 640, 1024, OEDPVar protocol execution, 9320, 0.0, 73.8837890625
4096, 640, 1024, reseting circuit wires, 71, 0.0, 0.0
4096, 640, 1024, sending mask, 9, 1472.072265625, 0.0
4096, 640, 1024, sending labels for selfs inputs, 228, 1849.142578125, 0.0
4096, 640, 1024, sending labels for peers inputs, 4443, 3697.96875, 3686.5703125
4096, 640, 1024, circuit garbling, 10960, 20702.6826171875, 0.0
4096, 640, 1024, output labels received and interpreted, 143, 0.0, 0.744140625
4096, 640, 1024, ID Retrieving, 80, 407.88671875, 0.0
